{"latencies": [59.72353744506836, 27.247905731201172, 107.50859069824219, 61.856475830078125, 110.48136901855469, 60.07916259765625, 299.67681884765625, 299.3211975097656, 56.23638916015625, 110.48136901855469, 29.267072677612305, 99.54630279541016, 60.789913177490234, 315.2861328125, 56.23638916015625, 60.07916259765625, 56.23638916015625, 81.34346008300781, 111.37823486328125, 60.789913177490234, 56.23638916015625, 56.23638916015625, 108.98585510253906, 62.56760787963867, 116.77842712402344, 303.3416442871094, 56.23638916015625, 103.97611236572266, 56.23638916015625, 81.34346008300781, 56.23638916015625, 310.0683898925781, 56.23638916015625, 56.23638916015625, 309.2480773925781, 30.22068977355957, 60.434627532958984, 98.4246597290039, 27.247905731201172, 56.23638916015625, 56.23638916015625, 109.95618438720703, 102.74591827392578, 56.23638916015625, 60.434627532958984, 56.23638916015625, 59.72353744506836, 56.23638916015625, 99.84669494628906, 100.25704956054688, 62.211917877197266, 56.23638916015625, 56.23638916015625, 305.2654113769531, 62.56760787963867, 322.7895812988281, 56.23638916015625, 83.8319091796875, 101.75257110595703, 56.23638916015625, 60.789913177490234, 39.193809509277344, 100.20197296142578, 98.06903839111328, 91.68048095703125, 27.247905731201172, 99.13540649414062, 60.434627532958984, 315.6969299316406, 29.380844116210938, 305.2654113769531, 61.14555740356445, 56.23638916015625, 85.77326965332031, 27.247905731201172, 56.23638916015625, 85.71793365478516, 300.7984619140625, 56.23638916015625, 112.87370300292969, 27.247905731201172, 27.958995819091797, 56.23638916015625, 35.32512664794922, 304.46221923828125, 84.29592895507812, 56.23638916015625, 56.23638916015625, 88.7264404296875, 305.2654113769531, 29.435922622680664, 56.23638916015625, 56.23638916015625, 39.41767501831055, 299.3211975097656, 315.6571044921875, 56.23638916015625, 115.9775390625, 61.50120162963867, 99.13540649414062], "elapsed_time": 0.2299783190001108}