{"latencies": [85.36,
83.52183714048995,
81.56898091902005,
80.52359653591571,
78.9951305075302,
77.75798654427726,
77.1193362551664,
75.49327459888971,
74.10884898344315,
73.24217569125773,
71.58537293949516,
69.70084280423835,
68.135469983609,
66.37730191449,
65.77184839300386,
64.9840289623505,
63.93413459711613,
63.241325482397706,
62.44683359774638,
60.726688686075434,
60.0655271838104,
58.87454054668388,
58.08570077942998,
57.42983772931522,
55.906842941773014,
54.07192082856453,
52.41382357237744,
51.05448525531682,
50.28150740420056,
50.034760652655955,
52.08705501574389,
50.42021673144999,
51.68807585701814,
51.10244041288692,
52.59395310871683,
51.648481547059596,
50.19392595062854,
54.81223647471056,
53.189909918448606,
51.935782677287186,
50.38710014201234,
50.184434736772666,
52.51339511614431,
50.59061324301929,
54.54132942983327,
52.90067226583373,
51.11801457397056,
54.928252270553,
53.29133517782025,
52.29953849892907,
51.44196792192214,
53.641081743059296,
52.192756442138176,
51.141215188028546,
50.09150975416989,
50.451448850272044,
51.60390032485868,
50.20387570777382,
53.38782180921141,
51.41270355260319,
50.18084314005211,
53.22586395204725,
51.487413595554735,
50.523820202708436,
54.683649943683676,
52.88993135990267,
51.40153088647806,
54.623468091392816,
53.939477121464286,
52.32638956303702,
51.316365632088285,
50.54219893239011,
52.64825289178003,
51.01103132813071,
54.48607878976664,
53.83670587551163,
52.78635806142154,
51.29490274799459,
53.6297783943512,
52.97544378428007,
52.30607342067774,
51.47588673946418,
50.43893420869561,
50.80814357047307,
50.15597485326369,
50.04598525808315,
53.31750884554028,
51.32510122130961,
52.74366894683293,
51.78151174337197,
50.75945363262587,
53.56089610673768,
51.91676973798288,
50.404869285221785,
53.248164495236075,
52.52199961097734,
51.508418949427856,
50.360881854431064,
51.83857901529717,
50.236382566819756], "elapsed_time": 400.78491633897647}


