{"latencies": [56.23638916015625, 56.23638916015625, 112.89671325683594, 56.23638916015625, 79.86619567871094, 56.23638916015625, 98.06903839111328, 56.23638916015625, 56.23638916015625, 56.23638916015625, 108.93060302734375, 104.01327514648438, 102.03474426269531, 107.50859069824219, 56.23638916015625, 79.86619567871094, 98.06903839111328, 56.23638916015625, 56.23638916015625, 79.86619567871094, 109.34130859375, 117.86434936523438, 56.23638916015625, 30.14720916748047, 109.95618438720703, 56.23638916015625, 98.06903839111328, 56.23638916015625, 56.23638916015625, 27.247905731201172, 56.23638916015625, 56.23638916015625, 79.86619567871094, 83.12077331542969, 56.23638916015625, 59.72353744506836, 102.10821533203125, 56.23638916015625, 56.23638916015625, 56.23638916015625, 110.81773376464844, 79.86619567871094, 56.23638916015625, 56.23638916015625, 81.69892883300781, 107.50859069824219, 59.72353744506836, 56.23638916015625, 107.50859069824219, 79.86619567871094, 98.06903839111328, 111.19212341308594, 98.06903839111328, 98.06903839111328, 56.23638916015625, 56.23638916015625, 82.40985870361328, 56.23638916015625, 56.23638916015625, 98.06903839111328, 98.06903839111328, 109.34130859375, 111.54776000976562, 56.23638916015625, 107.50859069824219, 79.86619567871094, 111.93830871582031, 79.86619567871094, 59.72353744506836, 56.23638916015625, 56.23638916015625, 56.23638916015625, 107.50859069824219, 56.23638916015625, 56.23638916015625, 111.54776000976562, 120.81777954101562, 56.23638916015625, 88.75141906738281, 110.05224609375, 56.23638916015625, 102.81913757324219, 98.06903839111328, 119.39573669433594, 79.86619567871094, 98.06903839111328, 82.820068359375, 56.23638916015625, 56.23638916015625, 98.06903839111328, 56.23638916015625, 110.46244812011719, 61.856475830078125, 56.23638916015625, 56.23638916015625, 56.23638916015625, 98.06903839111328, 79.86619567871094, 98.06903839111328, 107.50859069824219], "elapsed_time": 0.6195928660454229}