{"latencies": [24.963054872387403, 60.68484244597769, 106.71756029238477, 299.1172308729915, 298.2734744360341, 24.467444100897684, 24.941877526810764, 24.939784117758357, 24.433302892452296, 25.065539032248257, 24.56482881736018, 24.95484290742326, 24.701492624062226, 24.537879767731056, 24.99959352117291, 24.141809521737013, 25.13386054146538, 25.045155623225778, 24.569876531812238, 24.424108938575216, 24.55409531410379, 24.706561864522254, 25.413356290303376, 24.253521901267348, 24.22273942199804, 24.458240493787326, 24.602691436410055, 23.628724935700557, 24.824653427589098, 24.401681666056273, 24.109659715417344, 24.97884992675702, 23.98341527017145, 24.653072846804733, 24.716161613326886, 24.520294402535058, 25.00585374177637, 24.326987971783378, 25.264973496150652, 24.14703244687481, 24.41623538721188, 24.87614178751904, 24.70853351785291, 25.081194325826953, 24.79183147622411, 25.051847673182394, 24.628209823925694, 23.95034402497572, 25.193499313619405, 24.691669276600475, 24.12264821985852, 24.846037035982626, 24.084049882378984, 24.408013207594397, 24.834340366265856, 24.87196791874315, 24.661485348380122, 23.890602088480204, 24.519054974256818, 24.73676601355355, 24.028305647990805, 24.675161962067794, 25.152894173057803, 24.541056673468308, 24.841190207944475, 24.659267546190883, 24.388323506856437, 25.459992581705272, 24.563249712356086, 25.114558325656944, 24.210231777297604, 23.79944002954921, 24.021779802777864, 24.497773346994755, 24.52271563460784, 24.85910187805931, 24.7239128552085, 24.404130890658543, 24.43561819840804, 24.147672544136558, 25.509523943016564, 24.156680852946707, 24.405499800424913, 25.167154292579724, 24.58566936635902, 24.43699812231353, 24.783226551823724, 24.368950454207432, 24.566553357135472, 23.65547468580514, 24.09018228434806, 24.257858418340398, 23.79147697417337, 24.505986696131597, 23.63651914047605, 25.11020917401995, 24.448712466176325, 24.54118435580613, 24.210566295996642, 24.514248756126946], "elapsed_time": 5.7198660454229}